"Дата","Цена","Откр.","Макс.","Мин.","Объём","Изм. %"
"30.12.2024","606,05","597,00","607,95","595,05","6,78M","1,69%"
"28.12.2024","596,00","592,10","598,25","591,50","5,13M","0,85%"
"27.12.2024","591,00","579,10","598,80","577,35","11,63M","2,05%"
"26.12.2024","579,10","583,80","588,95","578,10","5,00M","-0,49%"
"25.12.2024","581,95","572,65","585,00","565,50","7,54M","1,62%"
"24.12.2024","572,70","570,50","582,00","566,65","6,28M","0,49%"
"23.12.2024","569,90","562,00","586,40","560,50","13,48M","1,84%"
"20.12.2024","559,60","506,15","566,45","501,00","19,29M","10,56%"
"19.12.2024","506,15","489,10","507,70","485,70","10,77M","3,78%"
"18.12.2024","487,70","481,50","489,90","479,35","3,38M","1,47%"
"17.12.2024","480,65","476,00","481,90","475,50","3,05M","0,68%"
"16.12.2024","477,40","483,60","483,65","473,10","3,67M","-1,29%"
"13.12.2024","483,65","485,50","487,45","473,00","6,02M","-0,37%"
"12.12.2024","485,45","488,15","493,95","484,05","4,12M","-0,68%"
"11.12.2024","488,75","483,50","490,20","480,40","2,59M","0,86%"
"10.12.2024","484,60","491,80","494,90","482,05","3,94M","-1,31%"
"09.12.2024","491,05","489,30","495,95","486,55","3,33M","1,18%"
"06.12.2024","485,30","489,50","492,00","485,00","3,38M","-0,59%"
"05.12.2024","488,20","474,00","493,25","469,50","6,46M","3,19%"
"04.12.2024","473,10","490,70","496,80","470,00","7,26M","-3,55%"
"03.12.2024","490,50","489,40","493,40","483,25","4,69M","0,25%"
"02.12.2024","489,30","484,00","491,00","481,25","5,14M","2,36%"
"29.11.2024","478,00","470,00","484,00","469,55","5,85M","0,66%"
"28.11.2024","474,85","476,80","486,00","468,05","6,58M","0,15%"
"27.11.2024","474,15","452,05","474,60","447,60","13,01M","5,18%"
"26.11.2024","450,80","452,45","459,00","445,75","5,57M","-0,63%"
"25.11.2024","453,65","459,90","466,30","445,80","9,31M","-1,36%"
"22.11.2024","459,90","458,95","464,75","452,05","5,83M","0,21%"
"21.11.2024","458,95","451,20","459,35","443,65","6,67M","2,16%"
"20.11.2024","449,25","461,00","462,60","444,40","6,29M","-2,27%"
"19.11.2024","459,70","472,70","473,90","454,40","6,15M","-2,60%"
"18.11.2024","471,95","472,20","477,95","468,70","4,46M","-1,70%"
"15.11.2024","480,10","472,50","480,95","469,50","3,98M","1,44%"
"14.11.2024","473,30","480,30","483,45","471,00","4,71M","-1,47%"
"13.11.2024","480,35","480,10","493,65","475,70","8,48M","-0,35%"
"12.11.2024","482,05","489,40","493,90","480,85","5,38M","-1,74%"
"11.11.2024","490,60","492,05","498,80","487,30","11,37M","1,89%"
"08.11.2024","481,50","477,60","482,00","470,10","5,81M","1,26%"
"07.11.2024","475,50","467,10","475,55","455,95","4,02M","1,85%"
"06.11.2024","466,85","472,00","478,75","463,45","7,76M","1,38%"
"05.11.2024","460,50","460,00","465,60","457,50","4,44M","0,77%"
"02.11.2024","457,00","444,30","457,00","441,90","5,09M","2,85%"
"01.11.2024","444,35","435,00","449,20","433,50","9,64M","2,36%"
"31.10.2024","434,10","438,85","442,35","429,10","5,97M","-1,13%"
"30.10.2024","439,05","443,05","449,50","438,10","6,10M","-0,75%"
"29.10.2024","442,35","434,75","446,55","434,50","7,60M","1,75%"
"28.10.2024","434,75","451,05","455,40","433,30","8,60M","-4,68%"
"25.10.2024","456,10","469,60","470,65","455,50","6,55M","-2,91%"
"24.10.2024","469,75","469,55","472,10","464,10","4,01M","0,16%"
"23.10.2024","469,00","478,50","480,35","467,20","4,36M","-2,09%"
"22.10.2024","479,00","484,50","485,40","478,45","3,13M","-1,18%"
"21.10.2024","484,70","488,20","490,00","484,05","2,07M","-0,64%"
"18.10.2024","487,80","487,00","488,75","482,30","2,52M","0,17%"
"17.10.2024","486,95","496,45","497,20","485,55","4,41M","-1,91%"
"16.10.2024","496,45","498,40","503,90","495,15","3,74M","-0,39%"
"15.10.2024","498,40","495,80","500,00","492,85","3,42M","0,48%"
"14.10.2024","496,00","492,15","501,20","486,75","3,83M","0,78%"
"11.10.2024","492,15","497,90","499,00","490,60","2,50M","-1,13%"
"10.10.2024","497,75","495,85","499,40","493,55","1,97M","0,38%"
"09.10.2024","495,85","503,00","503,00","491,40","5,22M","-1,19%"
"08.10.2024","501,80","500,00","505,00","498,00","3,79M","-0,34%"
"07.10.2024","503,50","502,50","505,60","493,20","5,64M","0,32%"
"04.10.2024","501,90","502,80","509,45","498,55","5,68M","0,38%"
"03.10.2024","500,00","499,90","502,70","488,65","7,58M","0,01%"
"02.10.2024","499,95","509,80","511,90","494,00","7,06M","-1,92%"
"01.10.2024","509,75","506,00","512,85","493,50","7,11M","0,46%"
"30.09.2024","507,40","512,45","516,20","503,05","3,07M","-0,70%"
"27.09.2024","511,00","513,15","514,55","507,75","2,20M","-0,33%"
"26.09.2024","512,70","510,25","515,95","506,00","2,87M","0,06%"
"25.09.2024","512,40","521,50","524,95","509,50","3,03M","-1,86%"
"24.09.2024","522,10","526,80","526,90","517,70","3,27M","-0,76%"
"23.09.2024","526,10","528,95","532,00","523,45","3,98M","-0,39%"
"20.09.2024","528,15","512,50","528,25","510,75","6,63M","3,04%"
"19.09.2024","512,55","511,35","516,20","507,20","2,82M","0,45%"
"18.09.2024","510,25","517,95","519,90","506,15","2,68M","-1,49%"
"17.09.2024","517,95","518,75","519,50","508,30","3,07M","0,32%"
"16.09.2024","516,30","500,80","516,50","498,30","5,16M","3,67%"
"13.09.2024","498,00","488,40","498,50","478,00","4,98M","1,96%"
"12.09.2024","488,45","478,55","489,85","474,10","3,70M","2,24%"
"11.09.2024","477,75","482,45","489,50","475,35","3,21M","-0,95%"
"10.09.2024","482,35","494,20","496,25","476,20","4,01M","-2,32%"
"09.09.2024","493,80","479,90","494,20","479,85","3,01M","3,07%"
"06.09.2024","479,10","477,15","483,95","475,00","2,09M","0,25%"
"05.09.2024","477,90","480,35","486,75","474,75","3,72M","0,08%"
"04.09.2024","477,50","468,00","481,05","464,30","5,76M","1,84%"
"03.09.2024","468,85","456,05","471,70","453,05","8,09M","2,95%"
"02.09.2024","455,40","456,05","474,80","450,55","7,18M","-4,31%"
"30.08.2024","475,90","473,20","489,10","473,35","6,65M","-1,46%"
"29.08.2024","482,95","480,00","484,00","474,00","3,82M","0,82%"
"28.08.2024","479,00","480,00","479,05","458,50","4,86M","0,32%"
"27.08.2024","477,45","489,85","490,80","476,00","2,76M","-2,46%"
"26.08.2024","489,50","486,50","490,15","481,40","3,72M","2,44%"
"23.08.2024","477,85","475,85","479,25","470,60","3,77M","0,43%"
"22.08.2024","475,80","481,10","482,50","474,20","3,39M","-1,08%"
"21.08.2024","481,00","482,50","485,20","478,75","3,80M","-0,10%"
"20.08.2024","481,50","483,70","488,85","479,80","3,38M","-0,45%"
"19.08.2024","483,70","490,35","493,40","481,90","3,36M","-1,24%"
"16.08.2024","489,75","494,20","496,55","488,30","2,09M","-0,78%"
"15.08.2024","493,60","496,20","498,15","493,15","1,74M","-0,44%"
"14.08.2024","495,80","503,00","506,30","495,00","3,47M","-1,32%"
"13.08.2024","502,45","500,90","504,95","500,05","3,07M","0,31%"
"12.08.2024","500,90","505,70","505,70","494,50","6,39M","-0,90%"
"09.08.2024","505,45","503,20","509,45","501,55","1,53M","0,45%"
"08.08.2024","503,20","509,20","514,20","501,70","2,49M","-1,03%"
"07.08.2024","508,45","496,15","512,40","491,30","4,17M","2,72%"
"06.08.2024","495,00","496,60","501,70","491,85","2,47M","0,22%"
"05.08.2024","493,90","498,00","502,45","490,20","5,34M","-2,17%"
"02.08.2024","504,85","507,00","510,45","503,00","2,30M","-0,32%"
"01.08.2024","506,45","507,00","517,95","505,00","2,74M","-1,84%"
"31.07.2024","515,95","517,00","518,00","510,20","2,10M","0,38%"
"30.07.2024","514,00","517,00","514,00","496,45","4,49M","2,17%"
"29.07.2024","503,10","519,95","519,05","500,00","3,90M","-3,51%"
"26.07.2024","521,40","519,95","538,65","519,25","4,86M","-2,23%"
"25.07.2024","533,30","532,25","535,25","530,35","1,54M","0,24%"
"24.07.2024","532,00","532,00","537,65","529,25","2,22M","0,27%"
"23.07.2024","530,55","533,95","534,75","526,15","1,34M","-0,24%"
"22.07.2024","531,85","527,50","534,75","526,20","3,73M","1,47%"
"19.07.2024","524,15","517,35","527,80","515,90","2,59M","1,34%"
"18.07.2024","517,20","511,45","518,20","508,35","3,07M","1,32%"
"17.07.2024","510,45","517,05","518,30","507,25","4,01M","-1,25%"
"16.07.2024","516,90","505,00","519,05","503,90","5,45M","1,72%"
"15.07.2024","508,15","529,00","529,00","501,20","6,12M","-3,65%"
"12.07.2024","527,40","528,80","529,90","520,20","2,75M","0,13%"
"11.07.2024","526,70","503,00","526,85","503,00","4,76M","4,92%"
"10.07.2024","502,00","524,50","526,45","500,20","8,07M","-4,38%"
"09.07.2024","525,00","524,50","539,85","524,85","10,55M","-6,28%"
"08.07.2024","560,20","555,85","565,95","555,85","5,29M","0,91%"
"05.07.2024","555,15","561,15","564,10","554,65","3,34M","-1,10%"
"04.07.2024","561,35","574,25","575,40","558,95","3,12M","-2,22%"
"03.07.2024","574,10","574,80","577,40","570,85","2,45M","0,17%"
"02.07.2024","573,15","577,05","579,50","571,75","2,99M","-0,64%"
"01.07.2024","576,85","566,35","578,50","565,10","3,04M","2,03%"
"28.06.2024","565,35","560,20","565,65","559,70","1,46M","0,99%"
"27.06.2024","559,80","562,00","564,85","556,40","1,70M","-0,26%"
"26.06.2024","561,25","559,20","562,35","557,10","","2,51%"
"24.06.2024","547,50","551,00","554,80","547,30","","-3,11%"
"14.06.2024","565,10","556,00","569,90","552,10","3,30M","1,73%"
"13.06.2024","555,50","530,50","560,00","529,40","4,38M","-1,31%"
"11.06.2024","562,85","562,70","563,50","557,60","1,89M","-0,07%"
"10.06.2024","563,25","573,90","575,70","560,00","2,70M","-1,47%"
"07.06.2024","571,65","567,30","575,95","565,30","3,34M","0,94%"
"06.06.2024","566,30","563,90","569,80","561,25","2,24M","0,73%"
"05.06.2024","562,20","570,05","574,95","560,00","5,05M","-1,19%"
"04.06.2024","568,95","563,10","569,00","555,55","5,28M","1,07%"
"03.06.2024","562,95","557,00","564,60","542,50","7,58M","1,13%"
"31.05.2024","556,65","570,00","571,80","556,05","6,16M","-1,72%"
"30.05.2024","566,40","577,65","581,15","556,10","5,59M","-1,61%"
"29.05.2024","575,65","573,95","579,95","571,00","2,62M","0,46%"
"28.05.2024","573,00","578,80","584,85","568,50","4,39M","-0,91%"
"27.05.2024","578,25","585,00","587,90","568,45","7,41M","-1,17%"
"24.05.2024","585,10","593,60","594,45","582,45","3,99M","-1,36%"
"23.05.2024","593,15","595,70","596,40","590,00","3,56M","-0,62%"
"22.05.2024","596,85","593,90","597,25","592,40","3,75M","0,38%"
"21.05.2024","594,60","592,00","597,00","589,90","4,31M","0,46%"
"20.05.2024","591,90","594,00","596,35","585,95","4,65M","-0,01%"
"17.05.2024","591,95","592,80","596,70","591,05","3,46M","-0,11%"
"16.05.2024","592,60","599,50","599,90","590,45","4,65M","-1,10%"
"15.05.2024","599,20","590,75","599,30","589,30","7,14M","1,59%"
"14.05.2024","589,80","590,00","594,00","588,30","4,22M","0,06%"
"13.05.2024","589,45","580,25","590,00","579,20","4,76M","1,73%"
"10.05.2024","579,40","579,00","582,20","578,80","1,16M","0,16%"
"08.05.2024","578,50","580,30","582,00","578,25","1,29M","-0,25%"
"07.05.2024","579,95","579,15","584,30","579,15","1,69M","0,16%"
"06.05.2024","579,05","582,00","586,15","578,65","2,44M","-0,56%"
"03.05.2024","582,30","582,75","586,40","582,05","2,30M","0,00%"
"02.05.2024","582,30","581,40","587,00","578,35","2,17M","0,05%"
"30.04.2024","582,00","583,15","583,65","581,30","632,72K","-0,20%"
"29.04.2024","583,15","581,80","583,95","581,35","882,95K","0,34%"
"27.04.2024","581,20","581,00","584,50","581,00","1,38M","-0,02%"
"26.04.2024","581,30","579,95","584,90","578,60","2,19M","0,26%"
"25.04.2024","579,80","577,00","581,25","573,00","2,27M","0,61%"
"24.04.2024","576,30","582,35","583,40","572,00","2,97M","-0,78%"
"23.04.2024","580,85","583,85","589,00","580,25","3,70M","-0,39%"
"22.04.2024","583,15","586,70","589,30","581,00","3,19M","-0,38%"
"19.04.2024","585,35","582,00","588,35","578,05","3,51M","1,07%"
"18.04.2024","579,15","583,85","585,85","576,75","3,81M","-0,89%"
"17.04.2024","584,35","589,15","590,75","582,20","3,81M","-0,81%"
"16.04.2024","589,10","590,00","592,50","585,75","5,29M","-0,11%"
"15.04.2024","589,75","578,95","589,80","578,40","7,08M","2,36%"
"12.04.2024","576,15","576,00","579,50","575,90","3,15M","0,16%"
"11.04.2024","575,25","573,20","579,00","573,20","3,77M","0,36%"
"10.04.2024","573,20","568,50","574,45","565,70","2,49M","0,84%"
"09.04.2024","568,40","574,50","576,20","565,90","4,66M","-1,06%"
"08.04.2024","574,50","576,30","579,75","571,75","3,30M","-0,28%"
"05.04.2024","576,10","578,85","579,60","574,20","3,30M","-0,34%"
"04.04.2024","578,05","577,75","580,00","575,65","3,92M","0,20%"
"03.04.2024","576,90","573,10","579,00","572,70","4,83M","0,70%"
"02.04.2024","572,90","570,00","574,45","567,50","4,83M","0,71%"
"01.04.2024","568,85","568,00","573,20","566,95","8,19M","0,55%"
"29.03.2024","565,75","567,60","569,30","563,50","5,58M","0,00%"
"28.03.2024","565,75","557,00","565,80","555,75","8,15M","1,86%"
"27.03.2024","555,40","556,10","557,50","551,30","3,62M","-0,13%"
"26.03.2024","556,10","559,00","559,00","554,15","4,72M","-0,35%"
"25.03.2024","558,05","556,70","559,80","548,65","8,59M","0,69%"
"22.03.2024","554,20","562,85","563,85","551,35","10,05M","-1,53%"
"21.03.2024","562,80","561,30","574,55","557,25","13,59M","0,45%"
"20.03.2024","560,30","565,35","566,10","551,25","15,83M","-0,89%"
"19.03.2024","565,35","582,85","583,70","556,70","15,17M","-3,04%"
"18.03.2024","583,10","584,00","586,45","581,55","1,29M","-0,19%"
"15.03.2024","584,20","583,00","587,15","579,60","1,77M","0,03%"
"14.03.2024","584,00","581,00","586,00","577,80","2,58M","0,44%"
"13.03.2024","581,45","586,10","588,35","580,70","2,72M","-1,16%"
"12.03.2024","588,25","588,60","589,00","585,05","1,81M","-0,02%"
"11.03.2024","588,35","589,60","592,50","587,05","1,93M","-0,19%"
"07.03.2024","589,45","585,00","589,80","583,10","1,43M","0,73%"
"06.03.2024","585,15","585,70","589,95","584,50","1,88M","-0,07%"
"05.03.2024","585,55","582,60","588,80","579,50","2,70M","0,52%"
"04.03.2024","582,50","578,90","583,60","578,55","2,06M","0,87%"
"01.03.2024","577,45","578,05","581,60","573,25","2,36M","-0,10%"
"29.02.2024","578,00","568,50","580,50","567,00","3,61M","1,67%"
"28.02.2024","568,50","566,95","570,35","565,25","2,56M","0,05%"
"27.02.2024","568,20","575,50","575,55","566,05","3,49M","-1,28%"
"26.02.2024","575,55","566,65","577,30","566,65","3,63M","2,35%"
"22.02.2024","562,35","564,45","565,75","558,50","2,74M","0,00%"
"21.02.2024","562,35","572,10","576,75","560,25","6,70M","-1,70%"
"20.02.2024","572,10","586,00","586,05","570,20","5,16M","-2,41%"
"19.02.2024","586,25","585,60","589,50","581,55","2,55M","0,13%"
"16.02.2024","585,50","590,05","591,00","582,40","4,19M","-0,62%"
"15.02.2024","589,15","590,00","591,60","587,55","2,65M","-0,15%"
"14.02.2024","590,05","593,75","594,65","589,65","1,94M","-0,46%"
"13.02.2024","592,75","590,00","593,45","589,55","2,39M","0,65%"
"12.02.2024","588,95","590,10","592,35","585,00","2,67M","-0,14%"
"09.02.2024","589,75","587,80","592,90","586,60","2,55M","0,34%"
"08.02.2024","587,75","586,05","591,40","580,00","3,32M","-0,33%"
"07.02.2024","589,70","593,70","595,70","588,80","4,04M","-0,65%"
"06.02.2024","593,55","593,00","593,75","590,50","2,09M","0,26%"
"05.02.2024","592,00","584,05","592,95","584,05","5,22M","1,38%"
"02.02.2024","583,95","577,00","584,95","574,50","5,22M","1,29%"
"01.02.2024","576,50","575,50","582,00","574,00","4,63M","0,26%"
"31.01.2024","575,00","574,30","576,50","572,00","3,28M","0,18%"
"30.01.2024","573,95","576,35","578,45","572,60","2,24M","-0,31%"
"29.01.2024","575,75","574,50","580,45","573,00","3,56M","0,32%"
"26.01.2024","573,90","577,00","577,65","572,35","1,55M","-0,13%"
"25.01.2024","574,65","573,85","576,00","572,60","1,87M","-0,19%"
"24.01.2024","575,75","580,35","582,15","572,10","1,84M","-0,72%"
"23.01.2024","579,90","578,95","580,50","576,50","1,42M","0,34%"
"22.01.2024","577,95","575,20","579,70","575,20","1,87M","0,52%"
"19.01.2024","574,95","573,95","577,60","570,60","2,65M","0,17%"
"18.01.2024","573,95","575,80","578,15","571,85","2,08M","-0,14%"
"17.01.2024","574,75","578,05","580,75","569,80","3,91M","-0,63%"
"16.01.2024","578,40","582,75","582,75","577,15","1,58M","-0,52%"
"15.01.2024","581,40","585,00","587,90","579,60","2,57M","-0,48%"
"12.01.2024","584,20","584,00","589,90","580,85","5,41M","0,79%"
"11.01.2024","579,60","574,05","582,15","571,00","9,77M","-3,56%"
"10.01.2024","601,00","598,10","601,95","598,10","5,09M","0,07%"
"09.01.2024","600,55","603,15","603,75","597,85","3,25M","-0,29%"
"08.01.2024","602,30","605,15","606,95","600,50","1,81M","-0,29%"
"05.01.2024","604,05","602,60","605,55","599,00","1,96M","0,48%"
"04.01.2024","601,15","605,80","605,80","600,50","1,19M","-0,47%"
"03.01.2024","604,00","595,60","604,00","594,75","1,95M","1,82%"
"29.12.2023","593,20","591,60","595,25","586,35","1,88M","0,22%"
"28.12.2023","591,90","596,70","596,70","589,10","1,83M","-0,45%"
"27.12.2023","594,55","590,45","596,65","589,50","2,90M","0,89%"
"26.12.2023","589,30","585,00","592,00","583,00","2,23M","0,83%"
"25.12.2023","584,45","585,85","588,45","580,00","1,69M","0,12%"
"22.12.2023","583,75","580,00","585,45","578,15","2,58M","1,15%"
"21.12.2023","577,10","581,20","581,20","569,50","2,98M","-0,26%"
"20.12.2023","578,60","574,25","584,90","573,20","3,38M","0,80%"
"19.12.2023","574,00","566,65","574,80","564,25","3,12M","1,30%"
"18.12.2023","566,65","568,30","569,50","563,10","3,63M","0,92%"
"15.12.2023","561,50","535,50","563,00","535,50","3,95M","4,82%"
"14.12.2023","535,70","557,40","558,60","535,65","3,42M","-3,63%"
"13.12.2023","555,85","546,00","556,55","544,30","1,74M","1,15%"
"12.12.2023","549,55","554,55","557,40","545,05","2,54M","-0,98%"
"11.12.2023","555,00","564,70","568,00","553,55","2,44M","-1,72%"
"08.12.2023","564,70","563,00","567,15","560,00","1,61M","0,73%"
"07.12.2023","560,60","564,50","570,65","558,50","4,02M","-0,88%"
"06.12.2023","565,55","574,80","575,80","563,00","2,26M","-1,53%"
"05.12.2023","574,35","567,10","576,75","563,00","2,25M","1,65%"
"04.12.2023","565,00","573,85","574,90","562,15","3,39M","-1,76%"
"01.12.2023","575,15","583,50","584,05","574,05","2,63M","-1,57%"
"30.11.2023","584,30","598,00","598,00","582,05","5,65M","-1,54%"
"29.11.2023","593,45","589,90","594,00","583,45","3,57M","0,60%"
"28.11.2023","589,90","576,00","589,90","573,00","3,43M","2,06%"
"27.11.2023","578,00","578,20","583,85","574,50","2,73M","-0,15%"
"24.11.2023","578,85","581,20","584,50","571,50","3,45M","-0,34%"
"23.11.2023","580,80","581,60","582,70","580,00","1,30M","-0,16%"
"22.11.2023","581,75","582,75","586,60","580,05","2,72M","-0,28%"
"21.11.2023","583,40","581,00","584,60","576,40","2,12M","0,33%"
"20.11.2023","581,50","584,50","586,15","579,85","2,18M","-0,31%"
"17.11.2023","583,30","572,55","583,40","568,55","4,83M","1,84%"
"16.11.2023","572,75","583,50","587,00","570,35","3,58M","-2,09%"
"15.11.2023","585,00","589,90","590,70","580,10","5,27M","-1,07%"
"14.11.2023","591,30","597,80","598,95","581,35","4,65M","-1,17%"
"13.11.2023","598,30","600,00","601,85","593,75","4,32M","0,00%"
"10.11.2023","598,30","583,40","601,45","583,00","9,60M","2,61%"
"09.11.2023","583,10","581,40","587,55","576,00","3,37M","0,25%"
"08.11.2023","581,65","583,95","587,85","581,05","2,32M","-0,39%"
"07.11.2023","583,95","588,60","589,00","583,60","2,21M","-0,85%"
"06.11.2023","588,95","582,50","589,00","580,60","1,89M","1,28%"
"03.11.2023","581,50","588,40","590,00","577,80","3,69M","-0,81%"
"02.11.2023","586,25","581,30","589,75","580,75","3,43M","1,16%"
"01.11.2023","579,50","574,00","586,30","573,70","4,13M","0,86%"
"31.10.2023","574,55","586,00","588,40","571,40","4,77M","-2,15%"
"30.10.2023","587,20","593,25","593,25","586,15","2,83M","-1,24%"
"27.10.2023","594,60","584,50","597,95","576,00","6,84M","1,99%"
"26.10.2023","583,00","590,50","594,50","582,65","3,48M","-1,27%"
"25.10.2023","590,50","585,00","593,40","580,70","4,24M","0,73%"
"24.10.2023","586,20","593,00","593,20","584,50","3,87M","-1,20%"
"23.10.2023","593,30","600,10","607,80","590,35","6,00M","-1,59%"
"20.10.2023","602,90","596,00","605,25","586,70","7,90M","1,29%"
"19.10.2023","595,25","586,00","596,25","580,55","5,96M","1,44%"
"18.10.2023","586,80","574,95","589,90","573,55","9,71M","2,40%"
"17.10.2023","573,05","568,85","574,50","563,15","4,30M","0,77%"
"16.10.2023","568,65","564,00","569,95","561,05","5,08M","1,21%"
"13.10.2023","561,85","546,65","562,00","545,40","4,97M","2,89%"
"12.10.2023","546,05","538,40","548,70","535,00","4,07M","1,05%"
"11.10.2023","540,35","549,50","559,65","537,30","6,38M","-1,58%"
"10.10.2023","549,00","552,00","554,50","547,05","2,95M","-0,63%"
"09.10.2023","552,50","541,10","553,20","538,60","6,97M","3,43%"
"06.10.2023","534,20","534,50","537,65","530,00","2,96M","-0,09%"
"05.10.2023","534,70","536,00","539,60","530,30","2,50M","0,14%"
"04.10.2023","533,95","538,20","543,25","533,60","3,44M","-0,92%"
"03.10.2023","538,90","534,65","540,65","526,90","3,20M","0,63%"
"02.10.2023","535,55","538,50","544,35","534,55","4,05M","-0,27%"
"29.09.2023","537,00","536,00","539,40","532,30","3,19M","0,24%"
"28.09.2023","535,70","531,40","537,00","530,50","3,96M","1,09%"
"27.09.2023","529,95","520,30","531,25","519,40","5,00M","2,34%"
"26.09.2023","517,85","518,95","519,90","508,15","4,19M","-0,54%"
"25.09.2023","520,65","513,90","523,00","510,00","5,80M","1,31%"
"22.09.2023","513,90","510,00","515,80","497,75","11,60M","1,16%"
"21.09.2023","508,00","528,00","528,00","504,20","15,09M","-4,03%"
"20.09.2023","529,35","544,00","549,70","527,35","9,82M","-2,69%"
"19.09.2023","544,00","558,60","559,95","542,95","3,69M","-2,35%"
"18.09.2023","557,10","565,00","570,90","556,10","2,85M","-1,01%"
"15.09.2023","562,80","556,55","563,00","551,70","3,23M","1,17%"
"14.09.2023","556,30","555,15","559,00","541,20","3,34M","0,21%"
"13.09.2023","555,15","563,40","563,45","553,00","1,81M","-1,22%"
"12.09.2023","562,00","551,90","562,80","551,70","3,06M","2,35%"
"11.09.2023","549,10","557,50","558,25","542,05","4,19M","-1,59%"
"08.09.2023","557,95","564,50","567,45","552,60","3,26M","-1,18%"
"07.09.2023","564,60","578,80","584,00","555,25","7,02M","-2,45%"
"06.09.2023","578,80","574,50","582,25","570,15","4,78M","0,77%"
"05.09.2023","574,40","568,00","575,75","565,05","6,41M","1,26%"
"04.09.2023","567,25","559,95","568,80","559,90","4,19M","1,45%"
"01.09.2023","559,15","556,50","559,65","553,05","2,65M","0,54%"
"31.08.2023","556,15","557,10","558,45","553,55","2,58M","-0,13%"
"30.08.2023","556,90","562,00","564,40","550,65","6,17M","-0,25%"
"29.08.2023","558,30","545,35","559,30","539,05","4,40M","2,34%"
"28.08.2023","545,55","540,05","546,00","537,50","2,73M","1,24%"
"25.08.2023","538,85","541,00","541,50","536,20","1,55M","-0,18%"
"24.08.2023","539,80","537,00","541,50","533,35","1,96M","0,99%"
"23.08.2023","534,50","549,55","551,00","529,55","4,54M","-2,73%"
"22.08.2023","549,50","548,00","550,45","542,30","2,56M","0,37%"
"21.08.2023","547,45","549,00","553,00","545,05","2,21M","-0,14%"
"18.08.2023","548,20","544,00","548,65","540,15","2,58M","0,69%"
"17.08.2023","544,45","539,00","544,90","532,00","4,62M","2,16%"
"16.08.2023","532,95","546,30","550,80","523,70","6,24M","-2,44%"
"15.08.2023","546,30","537,05","560,85","531,00","8,52M","1,21%"
"14.08.2023","539,75","551,00","565,00","536,60","10,36M","-1,68%"
"11.08.2023","549,00","536,15","549,60","530,15","5,88M","2,58%"
"10.08.2023","535,20","534,40","537,90","532,50","2,14M","0,38%"
"09.08.2023","533,20","529,00","533,95","525,30","2,73M","1,00%"
"08.08.2023","527,90","523,80","528,40","517,55","2,86M","0,63%"
"07.08.2023","524,60","526,00","540,80","518,20","6,45M","0,51%"
"04.08.2023","521,95","527,60","539,15","511,50","6,55M","-0,90%"
"03.08.2023","526,70","522,75","528,95","518,60","3,17M","0,72%"
"02.08.2023","522,95","517,50","523,80","512,05","4,56M","1,21%"
"01.08.2023","516,70","510,00","518,70","502,60","5,16M","1,56%"
"31.07.2023","508,75","502,65","510,00","502,10","3,87M","1,62%"
"28.07.2023","500,65","493,80","501,00","492,40","3,93M","1,40%"
"27.07.2023","493,75","487,50","494,95","487,50","2,34M","1,41%"
"26.07.2023","486,90","488,95","491,30","486,15","2,06M","-0,46%"
"25.07.2023","489,15","482,55","492,20","481,45","3,24M","1,57%"
"24.07.2023","481,60","483,20","484,50","480,00","1,66M","-0,33%"
"21.07.2023","483,20","475,50","483,95","475,35","2,83M","1,70%"
"20.07.2023","475,10","485,95","487,00","475,00","2,90M","-2,23%"
"19.07.2023","485,95","490,95","492,05","482,55","2,57M","-0,86%"
"18.07.2023","490,15","489,30","492,60","488,60","2,40M","0,17%"
"17.07.2023","489,30","485,95","491,80","484,00","2,95M","0,34%"
"14.07.2023","487,65","487,25","489,95","484,30","1,90M","-0,15%"
"13.07.2023","488,40","489,25","495,80","482,30","4,49M","0,28%"
"12.07.2023","487,05","477,50","487,85","477,50","4,93M","1,72%"
"11.07.2023","478,80","477,50","479,45","475,75","1,46M","0,28%"
"10.07.2023","477,45","470,00","477,95","470,00","4,60M","-1,03%"
"07.07.2023","482,40","475,55","482,95","474,50","4,04M","1,19%"
"06.07.2023","476,75","473,35","480,00","473,35","3,40M","0,60%"
"05.07.2023","473,90","474,25","478,50","472,25","2,55M","0,11%"
"04.07.2023","473,40","478,10","479,15","467,60","2,83M","-0,97%"
"03.07.2023","478,05","483,60","484,50","476,55","2,57M","-0,89%"
"30.06.2023","482,35","482,70","484,50","480,70","1,75M","0,05%"
"29.06.2023","482,10","477,15","483,80","477,00","3,36M","1,06%"
"28.06.2023","477,05","476,15","478,95","474,15","1,83M","0,25%"
"27.06.2023","475,85","476,15","480,00","470,45","3,14M","0,31%"
"26.06.2023","474,40","470,10","479,35","463,95","3,85M","1,47%"
"23.06.2023","467,55","474,35","481,00","466,10","5,06M","-1,66%"
"22.06.2023","475,45","481,50","482,95","470,55","2,31M","-1,23%"
"21.06.2023","481,35","481,90","485,70","478,80","2,01M","-0,42%"
"20.06.2023","483,40","487,00","489,65","475,65","3,79M","-0,50%"
"19.06.2023","485,85","482,50","486,40","478,00","3,95M","1,13%"
"16.06.2023","480,40","482,20","483,70","477,30","2,32M","-0,28%"
"15.06.2023","481,75","479,20","482,00","475,50","4,20M","0,70%"
"14.06.2023","478,40","482,00","482,85","475,20","3,83M","-0,30%"
"13.06.2023","479,85","465,50","480,00","464,70","5,96M","3,53%"
"09.06.2023","463,50","459,00","464,25","456,75","2,77M","1,17%"
"08.06.2023","458,15","460,00","463,80","456,00","1,76M","-0,37%"
"07.06.2023","459,85","462,15","467,95","455,80","3,23M","-0,49%"
"06.06.2023","462,10","457,35","464,90","449,25","3,97M","0,76%"
"05.06.2023","458,60","466,50","472,45","454,50","7,19M","-0,08%"
"02.06.2023","458,95","453,50","459,00","452,30","3,27M","1,65%"
"01.06.2023","451,50","452,00","458,85","448,00","5,64M","0,31%"
"31.05.2023","450,10","432,75","451,75","431,30","9,68M","3,59%"
"30.05.2023","434,50","438,00","444,50","431,00","6,08M","-1,35%"
"29.05.2023","440,45","435,85","441,70","435,00","4,30M","1,74%"
"26.05.2023","432,90","428,85","434,65","425,30","3,23M","0,64%"
"25.05.2023","430,15","437,85","438,70","428,55","5,22M","-1,34%"
"24.05.2023","436,00","425,10","440,00","422,90","5,46M","2,64%"
"23.05.2023","424,80","425,15","427,85","419,40","3,06M","0,07%"
"22.05.2023","424,50","417,00","428,35","414,20","4,22M","2,62%"
"19.05.2023","413,65","414,25","415,95","410,15","2,38M","-0,11%"
"18.05.2023","414,10","416,00","417,00","411,25","2,80M","-0,17%"
"17.05.2023","414,80","410,75","418,95","406,05","2,88M","0,99%"
"16.05.2023","410,75","409,00","413,80","405,25","3,08M","0,71%"
"15.05.2023","407,85","399,00","409,00","397,15","4,93M","2,23%"
"12.05.2023","398,95","391,80","398,95","390,70","2,48M","1,86%"
"11.05.2023","391,65","392,50","398,95","387,40","4,19M","-0,11%"
"10.05.2023","392,10","381,00","393,45","380,05","2,26M","2,89%"
"08.05.2023","381,10","379,90","382,60","378,75","678,28K","0,65%"
"05.05.2023","378,65","379,50","383,00","376,00","1,81M","-0,34%"
"04.05.2023","379,95","378,45","382,10","376,00","1,92M","0,52%"
"03.05.2023","378,00","390,00","390,15","377,05","2,93M","-3,08%"
"02.05.2023","390,00","393,80","395,80","387,50","2,60M","-0,96%"
"28.04.2023","393,80","398,90","399,75","393,30","2,15M","-1,12%"
"27.04.2023","398,25","396,00","398,60","394,35","1,30M","0,63%"
"26.04.2023","395,75","396,15","399,50","395,45","1,23M","-0,18%"
"25.04.2023","396,45","399,80","400,75","395,00","1,33M","-0,99%"
"24.04.2023","400,40","398,00","400,95","396,80","1,47M","0,41%"
"21.04.2023","398,75","397,80","401,00","394,55","1,86M","0,57%"
"20.04.2023","396,50","395,75","399,00","390,05","3,42M","0,10%"
"19.04.2023","396,10","397,30","402,95","394,90","4,25M","-0,23%"
"18.04.2023","397,00","396,00","398,85","393,85","2,31M","0,29%"
"17.04.2023","395,85","395,00","395,95","392,60","2,08M","0,88%"
"14.04.2023","392,40","389,95","394,00","385,25","2,20M","0,59%"
"13.04.2023","390,10","391,75","391,80","387,30","1,10M","-0,20%"
"12.04.2023","390,90","388,50","391,90","388,10","1,48M","0,66%"
"11.04.2023","388,35","395,00","397,45","385,10","3,45M","-1,31%"
"10.04.2023","393,50","391,75","395,45","391,20","2,52M","0,46%"
"07.04.2023","391,70","390,75","392,20","386,65","1,79M","0,49%"
"06.04.2023","389,80","390,00","393,40","388,60","2,66M","0,03%"
"05.04.2023","389,70","390,30","391,95","382,15","2,65M","-0,08%"
"04.04.2023","390,00","391,90","394,10","387,25","3,25M","-0,23%"
"03.04.2023","390,90","393,80","396,00","388,10","6,39M","2,63%"
"31.03.2023","380,90","386,95","386,95","376,10","3,10M","-1,36%"
"30.03.2023","386,15","385,55","387,85","383,00","1,70M","0,18%"
"29.03.2023","385,45","383,00","386,65","378,15","3,18M","1,04%"
"28.03.2023","381,50","384,20","384,55","377,65","2,27M","-0,46%"
"27.03.2023","383,25","378,95","384,95","377,65","2,93M","1,59%"
"24.03.2023","377,25","375,10","378,00","373,40","1,23M","0,75%"
"23.03.2023","374,45","375,70","378,05","371,80","1,75M","-0,28%"
"22.03.2023","375,50","371,00","379,70","368,25","3,35M","1,00%"
"21.03.2023","371,80","379,50","384,70","367,65","6,55M","-1,48%"
"20.03.2023","377,40","366,30","380,00","364,65","6,77M","3,34%"
"17.03.2023","365,20","360,30","366,00","357,25","4,45M","1,67%"
"16.03.2023","359,20","356,25","359,50","353,20","2,21M","0,35%"
"15.03.2023","357,95","365,00","367,90","355,50","3,64M","-1,81%"
"14.03.2023","364,55","362,40","371,00","362,00","2,80M","0,29%"
"13.03.2023","363,50","366,20","368,25","360,05","3,13M","-0,66%"
"10.03.2023","365,90","363,00","366,55","359,55","2,27M","0,52%"
"09.03.2023","364,00","365,00","366,45","362,65","1,64M","-0,08%"
"07.03.2023","364,30","365,35","366,00","362,75","2,06M","-0,29%"
"06.03.2023","365,35","361,90","365,95","359,80","2,48M","1,83%"
"03.03.2023","358,80","354,20","359,60","354,20","1,64M","1,06%"
"02.03.2023","355,05","361,70","361,90","354,15","3,62M","-1,76%"
"01.03.2023","361,40","359,10","364,45","358,60","2,68M","0,84%"
"28.02.2023","358,40","357,75","361,35","356,35","2,61M","0,18%"
"27.02.2023","357,75","350,30","359,00","350,30","2,35M","1,50%"
"24.02.2023","352,45","354,10","355,65","350,15","1,17M","-0,37%"
"22.02.2023","353,75","352,65","354,65","349,40","1,61M","0,31%"
"21.02.2023","352,65","347,10","354,60","347,00","3,53M","1,60%"
"20.02.2023","347,10","345,10","348,45","339,00","2,43M","0,58%"
"17.02.2023","345,10","341,20","346,80","339,40","1,79M","0,74%"
"16.02.2023","342,55","341,25","344,95","340,55","1,71M","0,87%"
"15.02.2023","339,60","343,05","346,00","334,40","3,44M","-1,34%"
"14.02.2023","344,20","349,90","350,40","343,50","3,20M","-1,49%"
"13.02.2023","349,40","350,25","355,00","349,20","1,66M","-0,46%"
"10.02.2023","351,00","349,10","351,80","347,30","1,62M","0,23%"
"09.02.2023","350,20","359,25","359,30","347,05","2,69M","0,10%"
"08.02.2023","349,85","355,60","359,35","348,05","4,78M","-1,52%"
"07.02.2023","355,25","348,00","358,15","346,75","5,39M","2,35%"
"06.02.2023","347,10","341,50","347,95","341,10","3,00M","1,54%"
"03.02.2023","341,85","342,00","343,75","339,00","1,68M","-0,07%"
"02.02.2023","342,10","344,30","344,95","341,45","1,68M","-0,26%"
"01.02.2023","343,00","340,95","344,40","340,90","2,82M","0,66%"
"31.01.2023","340,75","337,10","340,90","337,10","2,10M","0,92%"
"30.01.2023","337,65","337,10","338,70","335,50","1,34M","0,21%"
"27.01.2023","336,95","334,90","337,80","333,40","1,45M","0,58%"
"26.01.2023","335,00","338,40","339,20","334,10","2,09M","-0,95%"
"25.01.2023","338,20","336,55","338,80","335,40","1,29M","0,43%"
"24.01.2023","336,75","340,95","343,00","335,80","1,84M","-0,97%"
"23.01.2023","340,05","338,50","340,25","336,20","1,16M","1,04%"
"20.01.2023","336,55","339,90","340,45","334,50","2,29M","-0,96%"
"19.01.2023","339,80","343,30","343,85","339,00","1,69M","-1,26%"
"18.01.2023","344,15","340,35","345,90","340,15","2,04M","0,82%"
"17.01.2023","341,35","345,70","345,90","340,30","2,01M","-1,29%"
"16.01.2023","345,80","346,45","347,60","345,05","1,71M","-0,07%"
"13.01.2023","346,05","346,00","347,00","345,35","1,41M","-0,23%"
"12.01.2023","346,85","347,20","347,80","345,60","1,53M","-0,14%"
"11.01.2023","347,35","347,60","350,50","345,00","8,21M","-5,29%"
"10.01.2023","366,75","367,30","368,00","362,20","5,59M","-0,33%"
"09.01.2023","367,95","368,20","369,70","366,05","4,35M","0,18%"
"06.01.2023","367,30","368,00","368,50","366,75","938,44K","-0,05%"
"05.01.2023","367,50","367,20","369,00","365,80","1,33M","0,46%"
"04.01.2023","365,80","366,50","367,60","363,25","1,81M","-0,61%"
"03.01.2023","368,05","367,95","372,75","366,20","2,64M","0,73%"
"30.12.2022","365,40","360,45","365,75","359,15","2,51M","1,61%"
"29.12.2022","359,60","354,25","360,65","354,05","2,43M","1,27%"
"28.12.2022","355,10","355,50","356,65","353,90","1,79M","-0,10%"
"27.12.2022","355,45","353,15","356,30","352,50","2,14M","0,87%"
"26.12.2022","352,40","343,70","353,15","343,70","3,58M","2,65%"
"23.12.2022","343,30","345,00","346,25","340,30","1,40M","-0,41%"
"22.12.2022","344,70","346,20","348,20","343,15","2,02M","-0,14%"
"21.12.2022","345,20","346,00","348,00","340,35","3,03M","0,31%"
"20.12.2022","344,15","334,80","345,20","333,10","3,29M","3,35%"
"19.12.2022","333,00","330,95","337,00","329,10","1,98M","0,63%"
"16.12.2022","330,90","328,00","331,95","326,05","1,60M","0,88%"
"15.12.2022","328,00","333,90","334,00","327,40","2,22M","-1,65%"
"14.12.2022","333,50","337,55","337,90","333,05","1,41M","-1,16%"
"13.12.2022","337,40","335,95","337,95","334,05","1,24M","0,66%"
"12.12.2022","335,20","336,20","339,70","333,00","1,59M","-0,28%"
"09.12.2022","336,15","333,80","337,00","333,35","1,42M","0,73%"
"08.12.2022","333,70","336,00","336,95","333,15","1,12M","-0,42%"
"07.12.2022","335,10","335,70","337,00","330,50","3,30M","-0,27%"
"06.12.2022","336,00","341,60","343,30","335,25","1,94M","-1,31%"
"05.12.2022","340,45","334,95","344,70","333,25","4,05M","1,63%"
"02.12.2022","335,00","336,00","336,35","334,20","1,04M","-0,27%"
"01.12.2022","335,90","336,50","338,35","334,85","1,98M","-0,10%"
"30.11.2022","336,25","336,20","336,60","334,15","1,23M","0,10%"
"29.11.2022","335,90","335,20","337,50","333,60","1,72M","0,81%"
"28.11.2022","333,20","332,80","334,80","328,05","4,29M","-0,80%"
"25.11.2022","335,90","334,10","337,00","332,40","1,95M","0,34%"
"24.11.2022","334,75","338,25","339,20","333,75","2,22M","-0,95%"
"23.11.2022","337,95","335,80","339,50","331,25","3,93M","0,90%"
"22.11.2022","334,95","331,90","337,10","330,40","3,80M","0,93%"
"21.11.2022","331,85","335,60","336,10","324,80","6,25M","-1,50%"
"18.11.2022","336,90","336,70","338,40","332,85","2,58M","-0,01%"
"17.11.2022","336,95","342,50","343,40","335,20","3,69M","-1,62%"
"16.11.2022","342,50","339,95","344,95","338,50","3,56M","1,21%"
"15.11.2022","338,40","350,50","351,00","326,75","7,67M","-3,55%"
"14.11.2022","350,85","357,70","358,60","348,35","6,92M","-1,71%"
"11.11.2022","356,95","360,00","363,50","350,00","8,64M","-0,36%"
"10.11.2022","358,25","348,50","359,85","348,00","5,94M","2,77%"
"09.11.2022","348,60","350,00","353,10","346,15","5,66M","-0,95%"
"08.11.2022","351,95","356,80","359,20","349,30","6,71M","-1,33%"
"07.11.2022","356,70","338,00","357,45","337,30","12,07M","6,48%"
"03.11.2022","335,00","333,50","335,85","328,85","4,01M","0,39%"
"02.11.2022","333,70","333,10","339,70","330,50","4,34M","0,41%"
"01.11.2022","332,35","334,80","335,95","330,05","3,21M","-0,46%"
"31.10.2022","333,90","341,85","342,95","331,25","6,39M","-2,31%"
"28.10.2022","341,80","342,20","344,55","338,20","5,19M","-0,60%"
"27.10.2022","343,85","341,95","347,95","337,70","8,43M","0,94%"
"26.10.2022","340,65","333,00","342,40","326,15","10,32M","2,48%"
"25.10.2022","332,40","312,90","332,40","312,25","8,61M","5,99%"
"24.10.2022","313,60","313,00","316,55","311,35","3,01M","0,74%"
"21.10.2022","311,30","310,80","312,90","305,05","3,57M","0,14%"
"20.10.2022","310,85","309,80","314,00","306,20","4,75M","0,94%"
"19.10.2022","307,95","302,50","309,50","298,25","6,09M","0,82%"
"18.10.2022","305,45","315,95","316,60","302,90","6,87M","-2,55%"
"17.10.2022","313,45","300,00","314,50","298,05","7,38M","4,64%"
"14.10.2022","299,55","300,00","302,80","292,25","5,75M","0,25%"
"13.10.2022","298,80","292,00","299,60","290,35","6,55M","2,33%"
"12.10.2022","292,00","288,30","294,20","281,05","5,58M","1,64%"
"11.10.2022","287,30","278,15","288,00","276,20","4,62M","3,40%"
"10.10.2022","277,85","259,05","279,00","259,05","8,38M","3,29%"
"07.10.2022","269,00","285,00","287,20","268,50","8,10M","-6,21%"
"06.10.2022","286,80","285,00","295,95","281,65","8,28M","1,34%"
"05.10.2022","283,00","283,35","289,35","265,10","13,13M","-0,26%"
"04.10.2022","283,75","290,00","292,30","276,20","8,39M","-1,44%"
"03.10.2022","287,90","266,15","287,90","265,25","8,55M","9,03%"
"30.09.2022","264,05","258,05","269,90","245,65","9,07M","3,12%"
"29.09.2022","256,05","263,00","266,45","249,50","8,58M","-2,64%"
"28.09.2022","263,00","266,00","272,00","257,55","6,33M","-1,48%"
"27.09.2022","266,95","263,00","270,55","255,00","9,52M","3,51%"
"26.09.2022","257,90","289,95","289,95","252,20","14,89M","-13,08%"
"23.09.2022","296,70","315,50","315,55","293,05","8,33M","-5,96%"
"22.09.2022","315,50","312,55","323,50","309,60","6,84M","0,94%"
"21.09.2022","312,55","293,40","323,60","278,20","12,48M","-5,55%"
"20.09.2022","330,90","356,70","357,80","313,05","18,18M","-7,63%"
"19.09.2022","358,25","356,90","362,90","355,10","3,38M","-0,22%"
"16.09.2022","359,05","367,20","367,20","358,30","7,95M","-2,25%"
"15.09.2022","367,30","377,00","382,90","364,00","14,05M","-2,25%"
"14.09.2022","375,75","373,00","377,50","366,90","3,98M","0,63%"
"13.09.2022","373,40","380,55","381,25","372,05","2,62M","-1,58%"
"12.09.2022","379,40","377,55","383,75","374,70","3,70M","0,37%"
"09.09.2022","378,00","375,00","378,80","371,55","3,85M","0,96%"
"08.09.2022","374,40","375,10","376,00","368,25","2,76M","-0,41%"
"07.09.2022","375,95","374,85","382,85","368,00","5,29M","0,07%"
"06.09.2022","375,70","384,95","385,85","362,00","8,06M","-2,44%"
"05.09.2022","385,10","387,00","387,75","372,00","4,11M","0,00%"
"02.09.2022","385,10","375,00","389,95","373,50","8,66M","3,11%"
"01.09.2022","373,50","368,00","374,00","361,80","5,07M","1,49%"
"31.08.2022","368,00","372,00","381,40","364,50","5,35M","1,85%"
"30.08.2022","361,30","367,95","370,00","360,50","3,84M","-1,63%"
"29.08.2022","367,30","361,75","368,95","361,10","2,63M","1,60%"
"26.08.2022","361,50","356,25","361,90","354,45","1,57M","1,66%"
"25.08.2022","355,60","358,90","360,00","353,20","2,20M","-0,73%"
"24.08.2022","358,20","356,55","359,45","356,00","2,54M","0,62%"
"23.08.2022","356,00","349,00","356,30","347,15","3,37M","1,83%"
"22.08.2022","349,60","344,40","349,60","343,60","1,99M","1,39%"
"19.08.2022","344,80","346,40","347,15","343,15","1,07M","-0,46%"
"18.08.2022","346,40","344,00","347,45","341,60","1,57M","0,67%"
"17.08.2022","344,10","348,95","351,00","342,85","2,33M","-1,12%"
"16.08.2022","348,00","337,00","349,45","335,65","4,04M","3,60%"
"15.08.2022","335,90","336,00","338,00","332,55","1,57M","-0,09%"
"12.08.2022","336,20","332,80","337,30","330,65","1,39M","0,96%"
"11.08.2022","333,00","341,10","342,80","333,00","2,54M","-1,91%"
"10.08.2022","339,50","339,95","340,70","335,00","2,10M","-0,04%"
"09.08.2022","339,65","327,35","340,30","324,10","2,74M","3,76%"
"08.08.2022","327,35","331,50","332,70","324,25","2,68M","1,44%"
"05.08.2022","322,70","325,25","327,00","316,10","3,26M","-0,59%"
"04.08.2022","324,60","330,15","330,30","323,00","2,36M","-1,71%"
"03.08.2022","330,25","337,00","338,95","329,00","2,72M","-1,65%"
"02.08.2022","335,80","346,25","347,95","334,00","3,34M","-3,51%"
"01.08.2022","348,00","354,40","354,45","345,40","4,27M","-1,42%"
"29.07.2022","353,00","343,00","354,55","341,70","4,18M","2,53%"
"28.07.2022","344,30","349,45","351,65","340,20","2,28M","-1,26%"
"27.07.2022","348,70","347,00","352,50","345,05","2,83M","0,49%"
"26.07.2022","347,00","339,50","347,00","338,05","2,85M","3,09%"
"25.07.2022","336,60","338,80","342,20","335,00","2,02M","-1,00%"
"22.07.2022","340,00","329,40","341,45","328,50","3,93M","3,60%"
"21.07.2022","328,20","330,15","332,90","318,55","2,40M","-0,55%"
"20.07.2022","330,00","322,00","333,75","319,65","3,15M","2,88%"
"19.07.2022","320,75","325,95","327,20","316,25","1,95M","-1,61%"
"18.07.2022","326,00","334,10","334,55","322,20","2,78M","-1,36%"
"15.07.2022","330,50","316,80","332,50","314,05","3,85M","4,77%"
"14.07.2022","315,45","320,00","324,75","311,50","3,53M","-1,73%"
"13.07.2022","321,00","334,45","335,45","317,10","3,99M","-3,75%"
"12.07.2022","333,50","342,85","342,90","327,60","3,58M","-3,00%"
"11.07.2022","343,80","352,55","355,90","343,05","2,41M","-2,11%"
"08.07.2022","351,20","343,00","356,50","343,00","5,69M","-3,77%"
"07.07.2022","364,95","370,10","372,80","363,10","3,72M","-1,27%"
"06.07.2022","369,65","371,55","378,70","368,40","2,49M","-0,50%"
"05.07.2022","371,50","372,05","377,15","365,05","2,65M","-0,03%"
"04.07.2022","371,60","376,90","380,35","367,50","2,47M","-0,95%"
"01.07.2022","375,15","391,85","393,70","373,75","6,83M","3,56%"
"30.06.2022","362,25","386,00","387,35","348,05","9,75M","-5,71%"
"29.06.2022","384,20","381,90","386,50","374,25","2,92M","0,62%"
"28.06.2022","381,85","377,00","385,20","373,55","2,96M","1,38%"
"27.06.2022","376,65","377,00","378,75","372,60","1,28M","-0,09%"
"24.06.2022","377,00","377,90","378,70","373,80","1,50M","-0,37%"
"23.06.2022","378,40","378,00","381,85","375,00","2,27M","0,21%"
"22.06.2022","377,60","380,00","380,80","371,05","2,71M","-0,97%"
"21.06.2022","381,30","389,05","391,90","381,10","2,82M","-2,18%"
"20.06.2022","389,80","382,30","389,80","382,10","2,16M","1,39%"
"17.06.2022","384,45","384,00","386,65","379,00","2,40M","0,38%"
"16.06.2022","383,00","376,80","389,80","375,35","5,98M","1,96%"
"15.06.2022","375,65","373,00","376,05","370,40","2,38M","1,09%"
"14.06.2022","371,60","369,60","373,60","366,00","1,52M","0,57%"
"10.06.2022","369,50","372,00","374,60","368,10","1,49M","-1,00%"
"09.06.2022","373,25","377,50","378,30","367,25","1,83M","0,11%"
"08.06.2022","372,85","367,15","375,00","367,00","2,24M","1,72%"
"07.06.2022","366,55","368,80","369,00","362,05","2,15M","-0,61%"
"06.06.2022","368,80","368,70","373,90","364,10","2,85M","0,92%"
"03.06.2022","365,45","369,95","371,45","360,00","2,20M","-0,89%"
"02.06.2022","368,75","375,25","378,70","368,00","2,22M","-1,92%"
"01.06.2022","375,95","374,40","380,35","371,00","1,99M","-0,28%"
"31.05.2022","377,00","385,10","386,70","375,15","2,66M","-2,10%"
"30.05.2022","385,10","407,80","414,50","381,75","6,98M","-4,08%"
"27.05.2022","401,50","393,90","408,30","385,15","6,12M","2,50%"
"26.05.2022","391,70","383,50","392,55","375,70","4,93M","3,62%"
"25.05.2022","378,00","362,00","382,00","356,50","3,71M","5,23%"
"24.05.2022","359,20","366,85","367,00","350,00","3,59M","-2,14%"
"23.05.2022","367,05","384,25","389,00","365,00","2,58M","-4,48%"
"20.05.2022","384,25","400,35","402,70","380,30","2,04M","-3,84%"
"19.05.2022","399,60","403,00","405,95","395,15","911,29K","-1,09%"
"18.05.2022","404,00","397,35","406,00","395,70","2,42M","2,36%"
"17.05.2022","394,70","382,90","395,40","381,10","2,14M","4,20%"
"16.05.2022","378,80","375,00","383,00","374,00","1,39M","1,03%"
"13.05.2022","374,95","379,00","379,00","367,50","954,97K","-0,01%"
"12.05.2022","375,00","391,55","393,25","370,50","2,16M","-4,23%"
"11.05.2022","391,55","393,85","396,35","388,60","989,95K","-0,19%"
"06.05.2022","392,30","395,05","398,40","391,00","832,69K","-1,18%"
"05.05.2022","397,00","397,20","403,05","396,80","870,25K","0,20%"
"04.05.2022","396,20","410,00","414,85","394,60","1,75M","-3,13%"
"29.04.2022","409,00","397,15","409,90","397,05","2,91M","2,25%"
"28.04.2022","400,00","399,00","404,80","392,15","2,66M","0,52%"
"27.04.2022","397,95","394,25","409,90","390,70","3,43M","1,78%"
"26.04.2022","391,00","389,90","400,95","389,55","3,06M","0,64%"
"25.04.2022","388,50","395,00","397,00","387,75","1,43M","-2,23%"
"22.04.2022","397,35","388,00","407,30","385,70","2,56M","2,41%"
"21.04.2022","388,00","393,30","398,70","385,05","1,85M","-0,77%"
"20.04.2022","391,00","388,00","399,30","375,00","2,93M","1,56%"
"19.04.2022","385,00","384,85","385,25","358,50","3,37M","0,04%"
"18.04.2022","384,85","393,00","395,00","381,55","1,66M","-1,45%"
"15.04.2022","390,50","392,45","395,95","380,00","1,79M","-0,13%"
"14.04.2022","391,00","406,05","407,50","390,75","1,86M","-3,71%"
"13.04.2022","406,05","413,20","417,50","401,55","1,90M","-1,47%"
"12.04.2022","412,10","416,90","424,00","392,00","3,11M","-0,46%"
"11.04.2022","414,00","403,30","427,95","399,05","5,48M","2,72%"
"08.04.2022","403,05","409,50","416,00","395,35","2,30M","-1,33%"
"07.04.2022","408,50","406,95","414,00","402,00","3,65M","0,86%"
"06.04.2022","405,00","416,10","429,40","402,00","3,84M","-3,34%"
"05.04.2022","419,00","445,50","451,15","391,45","5,78M","-5,61%"
"04.04.2022","443,90","450,25","478,00","432,00","5,22M","-1,36%"
"01.04.2022","450,00","441,00","484,00","430,35","6,25M","2,86%"
"31.03.2022","437,50","393,00","440,00","387,15","7,61M","13,05%"
"30.03.2022","387,00","390,00","392,00","375,00","2,29M","4,59%"
"29.03.2022","370,00","363,90","417,95","348,20","6,44M","3,37%"
"28.03.2022","357,95","355,00","369,00","341,20","2,65M","-1,96%"
"25.03.2022","365,10","370,00","384,20","346,50","9,97M","1,36%"
"24.03.2022","360,20","312,00","375,00","308,00","18,41M","16,97%"
"25.02.2022","307,95","283,00","318,55","280,25","34,25M","12,10%"
"24.02.2022","274,70","388,35","388,35","175,50","70,97M","-36,31%"
"22.02.2022","431,30","438,65","457,00","395,80","79,55M","-1,69%"
"21.02.2022","438,70","518,00","533,75","387,65","59,64M","-15,55%"
"18.02.2022","519,50","550,05","556,10","513,15","17,36M","-5,46%"
"17.02.2022","549,50","570,00","571,80","541,05","13,82M","-3,86%"
"16.02.2022","571,55","566,80","575,80","563,85","7,72M","0,99%"
"15.02.2022","565,95","557,75","574,45","555,55","9,42M","1,79%"
"14.02.2022","556,00","547,25","562,45","532,65","11,83M","1,57%"
"11.02.2022","547,40","569,40","572,65","540,00","13,23M","-3,86%"
"10.02.2022","569,40","579,00","580,25","569,00","6,25M","-1,66%"
"09.02.2022","579,00","571,00","582,50","569,05","10,68M","1,57%"
"08.02.2022","570,05","569,85","574,95","563,55","7,77M","0,04%"
"07.02.2022","569,80","570,00","577,70","562,75","5,98M","-0,38%"
"04.02.2022","572,00","570,35","606,75","561,20","23,19M","0,53%"
"03.02.2022","569,00","575,00","575,25","562,70","4,48M","-1,16%"
"02.02.2022","575,70","576,00","580,25","568,90","4,81M","0,27%"
"01.02.2022","574,15","576,95","583,90","570,05","7,30M","-0,49%"
"31.01.2022","576,95","568,00","579,90","566,25","7,02M","1,84%"
"28.01.2022","566,50","568,80","574,85","556,10","11,51M","0,59%"
"27.01.2022","563,20","530,00","578,00","526,10","16,90M","5,72%"
"26.01.2022","532,75","548,00","550,50","525,55","18,08M","-2,85%"
"25.01.2022","548,40","545,00","556,00","522,70","15,17M","0,27%"
"24.01.2022","546,90","564,45","566,80","523,95","16,39M","-3,17%"
"21.01.2022","564,80","556,50","579,20","553,00","12,08M","0,55%"
"20.01.2022","561,70","569,05","581,00","552,30","10,20M","-0,92%"
"19.01.2022","566,90","537,00","575,40","523,10","19,05M","4,06%"
"18.01.2022","544,80","592,65","598,70","525,10","28,06M","-8,06%"
"17.01.2022","592,55","605,00","614,00","578,05","10,48M","-2,14%"
"14.01.2022","605,50","602,35","611,00","580,50","11,07M","0,36%"
"13.01.2022","603,30","625,65","627,30","596,20","10,21M","-3,89%"
"12.01.2022","627,70","615,00","630,60","609,25","7,17M","2,30%"
"11.01.2022","613,60","602,05","615,90","597,20","5,42M","1,93%"
"10.01.2022","602,00","604,00","609,55","595,10","5,05M","0,07%"
"06.01.2022","601,60","588,30","605,25","580,60","6,60M","1,91%"
"05.01.2022","590,30","612,20","616,20","582,80","4,25M","-3,78%"
"04.01.2022","613,50","610,90","617,00","605,55","2,37M","0,42%"
"03.01.2022","610,95","599,90","614,35","598,80","3,16M","1,99%"
"30.12.2021","599,00","592,00","601,60","589,10","3,43M","1,18%"
"29.12.2021","592,00","596,65","600,00","586,30","4,52M","-0,70%"
"28.12.2021","596,20","581,20","599,10","581,20","5,29M","2,44%"
"27.12.2021","582,00","573,00","582,50","571,40","3,26M","1,74%"
"24.12.2021","572,05","578,90","579,75","564,15","2,33M","-1,22%"
"23.12.2021","579,10","582,95","583,00","571,15","3,64M","-0,10%"
"22.12.2021","579,70","574,95","582,20","570,55","5,36M","0,82%"
"21.12.2021","575,00","570,90","576,30","567,70","3,34M","1,31%"
"20.12.2021","567,55","567,70","569,00","555,45","3,79M","-0,99%"
"17.12.2021","573,20","573,00","575,00","563,05","4,60M","0,03%"
"16.12.2021","573,00","564,00","579,65","561,95","7,11M","2,12%"
"15.12.2021","561,10","551,00","561,90","547,00","4,99M","1,86%"
"14.12.2021","550,85","538,70","557,95","503,15","9,99M","2,17%"
"13.12.2021","539,15","573,40","577,85","536,60","8,62M","-5,76%"
"10.12.2021","572,10","578,40","579,45","570,05","2,67M","-1,08%"
"09.12.2021","578,35","576,00","580,30","570,00","4,30M","0,59%"
"08.12.2021","574,95","591,00","595,15","569,00","8,78M","-2,48%"
"07.12.2021","589,55","575,95","591,20","571,00","7,75M","2,43%"
"06.12.2021","575,55","580,00","582,00","568,60","3,72M","-0,17%"
"03.12.2021","576,55","584,00","584,45","573,00","5,53M","-0,94%"
"02.12.2021","582,00","571,95","583,70","567,20","10,19M","2,11%"
"01.12.2021","569,95","573,35","582,00","568,00","6,60M","0,68%"
"30.11.2021","566,10","565,00","573,25","557,00","10,59M","-1,25%"
"29.11.2021","573,25","567,00","579,00","559,40","7,69M","3,26%"
"26.11.2021","555,15","578,55","578,55","555,00","9,21M","-6,05%"
"25.11.2021","590,90","598,00","602,45","587,15","3,09M","-1,07%"
"24.11.2021","597,30","604,30","605,00","586,20","5,43M","-0,77%"
"23.11.2021","601,95","578,45","603,00","570,00","12,19M","3,61%"
"22.11.2021","581,00","589,75","593,05","572,25","12,36M","-1,61%"
"19.11.2021","590,50","617,80","618,30","590,00","8,02M","-3,84%"
"18.11.2021","614,10","618,05","621,95","610,25","4,67M","-0,87%"
"17.11.2021","619,50","621,00","626,70","618,55","4,42M","-0,30%"
"16.11.2021","621,35","625,10","629,45","617,00","3,81M","-0,03%"
"15.11.2021","621,55","617,80","629,40","614,45","3,98M","0,38%"
"12.11.2021","619,20","633,60","637,40","611,40","7,94M","-2,41%"
"11.11.2021","634,50","631,00","636,25","623,25","5,64M","0,75%"
"10.11.2021","629,80","638,00","642,50","627,00","5,31M","-1,04%"
"09.11.2021","636,40","632,50","637,95","629,30","4,36M","0,74%"
"08.11.2021","631,70","633,05","636,50","628,35","5,02M","0,87%"
"05.11.2021","626,25","612,95","626,75","605,20","4,56M","1,05%"
"03.11.2021","619,75","627,10","627,95","615,45","5,04M","-1,66%"
"02.11.2021","630,20","643,00","646,30","628,55","5,48M","-1,82%"
"01.11.2021","641,90","637,30","643,25","633,00","3,59M","0,91%"
"29.10.2021","636,10","640,05","643,00","628,40","4,39M","-0,80%"
"28.10.2021","641,25","637,75","642,00","622,35","8,15M","0,45%"
"27.10.2021","638,40","646,50","649,90","637,55","6,34M","-1,91%"
"26.10.2021","650,80","655,45","665,70","649,30","8,83M","-0,65%"
"25.10.2021","655,05","638,85","655,80","631,65","9,40M","3,24%"
"22.10.2021","634,50","630,15","640,45","630,15","3,65M","0,19%"
"21.10.2021","633,30","638,60","644,25","630,00","4,59M","-1,62%"
"20.10.2021","643,70","639,65","644,70","633,50","5,60M","0,11%"
"19.10.2021","643,00","641,00","643,00","634,75","5,67M","0,59%"
"18.10.2021","639,25","646,75","647,65","637,70","5,04M","-0,96%"
"15.10.2021","645,45","644,70","647,90","637,50","6,75M","0,78%"
"14.10.2021","640,45","638,00","650,00","635,20","10,25M","1,20%"
"13.10.2021","632,85","639,00","640,85","614,65","7,49M","-0,91%"
"12.10.2021","638,65","637,50","643,20","633,10","4,95M","-0,45%"
"11.10.2021","641,55","639,05","647,25","637,00","6,91M","1,67%"
"08.10.2021","631,00","633,65","640,00","630,10","8,10M","-2,62%"
"07.10.2021","647,95","647,60","651,85","630,15","11,24M","0,30%"
"06.10.2021","646,00","660,85","663,35","631,60","16,15M","-1,41%"
"05.10.2021","655,25","632,00","656,00","625,65","15,65M","3,73%"
"04.10.2021","631,70","618,45","637,00","602,75","46,39M","2,14%"
"01.10.2021","618,45","611,00","619,80","606,55","5,79M","0,67%"
"30.09.2021","614,35","624,00","626,85","610,10","10,31M","-0,74%"
"29.09.2021","618,90","613,65","623,35","609,30","9,10M","0,17%"
"28.09.2021","617,85","632,35","639,90","613,50","18,39M","-1,59%"
"27.09.2021","627,85","620,00","629,95","617,40","12,98M","2,26%"
"24.09.2021","614,00","598,90","618,00","590,50","12,95M","2,63%"
"23.09.2021","598,25","590,00","599,00","581,40","12,92M","2,09%"
"22.09.2021","586,00","568,30","588,90","567,00","13,36M","3,81%"
"21.09.2021","564,50","562,30","568,50","555,45","9,05M","2,17%"
"20.09.2021","552,50","560,00","562,60","548,00","8,39M","-2,57%"
"17.09.2021","567,10","579,00","580,25","562,05","9,41M","-1,62%"
"16.09.2021","576,45","562,00","584,30","562,00","17,65M","1,47%"
"15.09.2021","568,10","557,00","589,80","557,00","26,55M","1,95%"
"14.09.2021","557,25","560,00","563,50","554,10","7,74M","-0,38%"
"13.09.2021","559,40","544,95","559,50","544,15","4,60M","2,96%"
"10.09.2021","543,30","545,00","549,20","540,20","2,33M","0,26%"
"09.09.2021","541,90","554,15","555,40","541,30","4,39M","-2,52%"
"08.09.2021","555,90","547,50","559,00","541,50","7,05M","1,57%"
"07.09.2021","547,30","552,00","554,40","542,00","3,48M","-0,62%"
"06.09.2021","550,70","554,95","557,15","548,20","3,36M","-0,85%"
"03.09.2021","555,40","551,60","556,90","550,45","5,48M","0,85%"
"02.09.2021","550,70","542,05","556,20","538,10","10,45M","1,69%"
"01.09.2021","541,55","537,10","541,75","534,80","4,96M","1,49%"
"31.08.2021","533,60","540,00","540,40","531,55","5,19M","-1,06%"
"30.08.2021","539,30","539,50","540,95","536,35","2,56M","0,28%"
"27.08.2021","537,80","533,50","538,20","533,10","3,08M","1,15%"
"26.08.2021","531,70","538,00","538,85","531,50","3,98M","-1,26%"
"25.08.2021","538,50","544,50","545,75","536,55","4,32M","-1,19%"
"24.08.2021","545,00","545,90","549,55","539,25","5,43M","0,03%"
"23.08.2021","544,85","538,00","545,45","536,10","3,43M","2,03%"
"20.08.2021","534,00","537,50","538,35","530,10","3,35M","-0,71%"
"19.08.2021","537,80","544,00","547,75","531,45","11,55M","-1,67%"
"18.08.2021","546,95","557,80","559,90","542,25","8,54M","-1,45%"
"17.08.2021","555,00","562,95","563,00","552,90","9,55M","-1,67%"
"16.08.2021","564,40","556,75","567,65","551,50","15,44M","1,05%"
"13.08.2021","558,55","565,40","568,70","555,00","4,78M","-1,30%"
"12.08.2021","565,90","561,45","567,85","557,20","5,49M","0,73%"
"11.08.2021","561,80","564,00","568,40","558,85","4,54M","-0,13%"
"10.08.2021","562,55","547,50","564,10","547,00","7,90M","3,22%"
"09.08.2021","545,00","539,60","548,00","535,25","7,33M","0,02%"
"06.08.2021","544,90","548,95","552,40","544,05","4,44M","-0,57%"
"05.08.2021","548,00","542,50","548,70","538,15","5,51M","0,83%"
"04.08.2021","543,50","551,50","553,20","542,80","4,38M","-1,36%"
"03.08.2021","551,00","547,70","551,00","542,20","3,43M","0,39%"
"02.08.2021","548,85","545,00","550,80","541,25","5,24M","0,80%"
"30.07.2021","544,50","552,40","554,80","539,55","5,24M","-1,71%"
"29.07.2021","554,00","555,70","558,10","550,75","3,64M","-0,05%"
"28.07.2021","554,25","551,00","555,70","550,50","2,44M","0,55%"
"27.07.2021","551,20","551,50","553,90","547,15","1,97M","-0,27%"
"26.07.2021","552,70","546,00","552,90","540,20","3,11M","0,70%"
"23.07.2021","548,85","554,90","556,00","545,20","2,50M","-0,87%"
"22.07.2021","553,65","553,00","556,25","549,35","3,43M","0,32%"
"21.07.2021","551,90","546,50","553,10","543,20","3,75M","0,80%"
"20.07.2021","547,50","547,50","550,60","536,70","5,16M","0,66%"
"19.07.2021","543,90","558,00","559,40","543,25","8,44M","-3,47%"
"16.07.2021","563,45","560,60","570,40","556,85","4,38M","0,17%"
"15.07.2021","562,50","567,00","568,00","556,30","6,02M","-1,14%"
"14.07.2021","569,00","576,00","582,95","568,80","15,59M","-1,22%"
"13.07.2021","576,00","578,60","584,10","573,00","7,73M","-0,52%"
"12.07.2021","579,00","577,00","579,40","570,50","4,53M","0,20%"
"09.07.2021","577,85","581,10","586,75","574,10","16,85M","-0,56%"
"08.07.2021","581,10","579,00","582,00","572,65","13,96M","0,15%"
"07.07.2021","580,25","571,05","583,00","570,00","14,47M","1,62%"
"06.07.2021","571,00","570,00","580,55","565,35","20,64M","0,62%"
"05.07.2021","567,50","567,90","569,90","561,00","3,91M","0,09%"
"02.07.2021","567,00","580,10","585,90","562,85","13,34M","-2,49%"
"01.07.2021","581,45","568,85","586,95","568,85","34,23M","1,79%"
"30.06.2021","571,20","554,90","571,80","551,70","14,69M","3,28%"
"29.06.2021","553,05","554,70","558,75","548,00","5,99M","-0,35%"
"28.06.2021","555,00","564,70","564,95","553,05","7,22M","-1,72%"
"25.06.2021","564,70","566,00","566,40","560,65","3,78M","-0,22%"
"24.06.2021","565,95","570,40","572,90","565,05","15,29M","-0,79%"
"23.06.2021","570,45","553,30","571,40","553,30","19,21M","3,37%"
"22.06.2021","551,85","543,00","553,20","542,05","7,53M","1,97%"
"21.06.2021","541,20","541,95","542,80","534,25","5,19M","0,04%"
"18.06.2021","541,00","537,50","543,40","526,75","11,47M","0,74%"
"17.06.2021","537,00","540,00","543,85","534,00","15,04M","-0,79%"
"16.06.2021","541,25","537,65","545,75","536,45","6,75M","0,97%"
"15.06.2021","536,05","538,85","542,00","532,35","5,53M","-0,29%"
"14.06.2021","537,60","531,60","541,85","530,70","4,30M","0,40%"
"11.06.2021","535,45","539,65","542,10","530,20","8,15M","-0,77%"
"10.06.2021","539,60","548,25","551,70","535,65","13,98M","-1,58%"
"09.06.2021","548,25","552,65","553,40","546,00","7,31M","-0,36%"
"08.06.2021","550,25","551,00","552,25","544,60","8,28M","-0,24%"
"07.06.2021","551,55","554,20","557,50","547,90","7,11M","-0,88%"
"04.06.2021","556,45","560,50","563,25","554,05","8,57M","-0,54%"
"03.06.2021","559,45","555,45","561,90","540,10","15,17M","1,35%"
"02.06.2021","552,00","545,95","552,45","541,60","8,90M","1,47%"
"01.06.2021","544,00","535,20","547,65","533,85","9,96M","2,37%"
"31.05.2021","531,40","525,90","531,65","524,00","2,58M","1,54%"
"28.05.2021","523,35","523,15","525,60","521,00","2,88M","-0,35%"
"27.05.2021","525,20","523,00","525,20","519,80","4,33M","-0,12%"
"26.05.2021","525,85","526,30","532,20","522,20","3,75M","0,29%"
"25.05.2021","524,35","525,50","530,45","523,20","3,54M","0,08%"
"24.05.2021","523,95","526,80","531,40","519,30","3,16M","-0,30%"
"21.05.2021","525,55","516,80","528,55","515,30","5,37M","1,59%"
"20.05.2021","517,35","529,50","529,85","514,30","6,59M","-2,29%"
"19.05.2021","529,50","539,70","539,70","526,35","4,95M","-2,03%"
"18.05.2021","540,45","546,25","551,00","538,35","5,98M","-0,93%"
"17.05.2021","545,55","546,95","546,95","535,90","3,86M","-0,02%"
"14.05.2021","545,65","552,00","553,70","541,20","4,10M","-0,79%"
"13.05.2021","550,00","540,50","552,00","539,50","6,45M","1,44%"
"12.05.2021","542,20","532,90","551,30","529,85","8,52M","1,92%"
"11.05.2021","532,00","540,00","541,60","528,60","5,23M","-1,84%"
"10.05.2021","541,95","537,45","547,50","533,55","5,10M","1,07%"
"07.05.2021","536,20","540,00","541,65","533,25","3,17M","-0,44%"
"06.05.2021","538,55","540,50","542,80","534,20","4,54M","-0,02%"
"05.05.2021","538,65","540,00","546,80","537,05","6,09M","0,28%"
"04.05.2021","537,15","526,90","538,15","526,30","5,11M","2,28%"
"30.04.2021","525,20","528,00","529,70","521,55","5,13M","-0,67%"
"29.04.2021","528,75","530,00","536,10","526,05","6,34M","0,15%"
"28.04.2021","527,95","529,00","529,75","522,10","4,58M","-0,01%"
"27.04.2021","528,00","531,00","533,70","524,50","4,25M","-0,49%"
"26.04.2021","530,60","537,10","537,85","527,50","5,75M","-1,47%"
"23.04.2021","538,50","543,00","544,80","533,95","5,10M","-0,57%"
"22.04.2021","541,60","547,00","547,00","536,60","5,87M","-0,75%"
"21.04.2021","545,70","540,65","547,35","538,65","2,82M","0,86%"
"20.04.2021","541,05","549,90","553,90","537,50","5,47M","-1,28%"
"19.04.2021","548,05","552,05","554,70","546,05","3,37M","-1,26%"
"16.04.2021","555,05","560,10","561,40","549,20","4,00M","-0,26%"
"15.04.2021","556,50","548,70","562,60","545,40","6,29M","0,80%"
"14.04.2021","552,10","556,00","556,10","546,25","5,67M","0,03%"
"13.04.2021","551,95","541,25","552,25","534,55","4,89M","2,18%"
"12.04.2021","540,15","535,00","541,35","532,50","6,15M","0,40%"
"09.04.2021","538,00","547,55","548,70","536,05","6,28M","-2,06%"
"08.04.2021","549,30","549,90","554,80","545,15","4,64M","-0,40%"
"07.04.2021","551,50","547,50","555,55","543,25","6,16M","0,72%"
"06.04.2021","547,55","562,25","563,15","545,45","5,96M","-2,25%"
"05.04.2021","560,15","567,50","567,75","557,25","3,14M","-1,15%"
"02.04.2021","566,65","568,90","569,90","565,60","1,03M","-0,40%"
"01.04.2021","568,90","574,10","576,75","561,40","11,61M","-0,65%"
"31.03.2021","572,60","571,15","574,95","567,10","9,09M","0,41%"
"30.03.2021","570,25","576,50","579,20","565,30","6,15M","-0,88%"
"29.03.2021","575,30","579,95","584,25","572,00","8,31M","-1,19%"
"26.03.2021","582,20","576,00","585,15","575,85","10,24M","1,31%"
"25.03.2021","574,65","568,65","574,70","566,45","6,84M","1,16%"
"24.03.2021","568,05","566,60","577,00","564,25","7,81M","0,52%"
"23.03.2021","565,10","560,20","573,45","556,55","8,31M","0,44%"
"22.03.2021","562,65","558,40","566,90","555,55","7,50M","0,42%"
"19.03.2021","560,30","543,00","560,95","541,60","9,33M","2,99%"
"18.03.2021","544,05","556,00","559,50","541,00","12,38M","-2,12%"
"17.03.2021","555,85","570,00","574,10","551,25","15,27M","-2,69%"
"16.03.2021","571,20","574,65","577,95","559,30","17,70M","-0,90%"
"15.03.2021","576,40","573,15","580,75","572,00","9,94M","0,73%"
"12.03.2021","572,25","572,75","574,70","566,40","5,96M","0,04%"
"11.03.2021","572,00","563,05","572,00","563,05","9,57M","1,93%"
"10.03.2021","561,15","568,75","573,50","557,00","9,58M","-1,66%"
"09.03.2021","570,60","559,00","581,45","556,00","14,36M","1,71%"
"05.03.2021","561,00","543,00","561,95","541,55","13,68M","3,87%"
"04.03.2021","540,10","535,10","549,70","533,20","12,46M","1,18%"
"03.03.2021","533,80","528,85","536,45","527,60","5,96M","1,48%"
"02.03.2021","526,00","519,50","529,85","518,85","4,81M","0,36%"
"01.03.2021","524,10","527,55","530,00","521,45","4,88M","0,14%"
"26.02.2021","523,35","525,65","533,20","520,45","10,09M","-1,13%"
"25.02.2021","529,35","519,45","536,35","517,95","13,38M","2,14%"
"24.02.2021","518,25","511,70","518,70","511,15","6,76M","0,44%"
"22.02.2021","516,00","514,00","518,90","509,10","4,53M","0,56%"
"20.02.2021","513,15","512,55","514,00","509,05","909,65K","0,08%"
"19.02.2021","512,75","506,00","515,15","504,00","7,46M","1,16%"
"18.02.2021","506,85","515,00","517,65","505,50","9,70M","-1,61%"
"17.02.2021","515,15","525,00","528,15","505,70","11,45M","-1,99%"
"16.02.2021","525,60","522,45","529,40","520,50","8,71M","0,80%"
"15.02.2021","521,45","513,00","522,45","508,20","8,83M","2,38%"
"12.02.2021","509,35","496,95","509,35","488,60","11,95M","2,53%"
"11.02.2021","496,80","490,25","501,70","488,15","6,68M","1,09%"
"10.02.2021","491,45","497,45","498,25","489,35","5,61M","-0,68%"
"09.02.2021","494,80","503,80","505,00","492,40","6,76M","-1,39%"
"08.02.2021","501,75","496,00","503,25","496,00","7,75M","1,58%"
"05.02.2021","493,95","492,45","496,75","490,35","7,64M","0,97%"
"04.02.2021","489,20","490,35","497,05","484,20","7,94M","-0,15%"
"03.02.2021","489,95","487,75","494,20","482,15","7,56M","1,65%"
"02.02.2021","482,00","481,15","488,80","479,00","10,41M","0,76%"
"01.02.2021","478,35","475,10","478,90","469,50","6,89M","1,13%"
"29.01.2021","473,00","480,45","482,45","472,00","5,56M","-2,15%"
"28.01.2021","483,40","479,85","485,65","475,00","6,06M","0,45%"
"27.01.2021","481,25","495,90","497,90","480,55","9,58M","-2,57%"
"26.01.2021","493,95","492,15","498,25","488,10","4,50M","-0,33%"
"25.01.2021","495,60","494,20","502,80","485,40","7,54M","0,27%"
"22.01.2021","494,25","495,00","495,00","485,00","8,72M","-0,75%"
"21.01.2021","498,00","509,30","512,70","495,65","9,25M","-2,48%"
"20.01.2021","510,65","510,70","514,70","507,55","4,88M","-0,01%"
"19.01.2021","510,70","518,90","524,80","506,65","12,52M","-1,12%"
"18.01.2021","516,50","509,95","519,00","505,25","10,73M","0,84%"
"15.01.2021","512,20","503,00","519,65","498,20","17,89M","1,43%"
"14.01.2021","505,00","485,00","505,65","484,05","15,40M","3,92%"
"13.01.2021","485,95","477,00","493,95","476,25","15,30M","2,43%"
"12.01.2021","474,40","475,00","479,20","466,25","7,08M","0,24%"
"11.01.2021","473,25","474,55","480,10","464,00","8,79M","-1,04%"
"08.01.2021","478,20","465,10","481,00","463,80","12,77M","5,40%"
"06.01.2021","453,70","449,35","454,65","443,70","8,23M","0,97%"
"05.01.2021","449,35","436,00","450,70","433,30","6,73M","3,06%"
"04.01.2021","436,00","435,85","442,60","433,00","6,41M","0,21%"